{"cameraMode":{"drawMode":0,"name":"Shaded","section":"Shading Mode"},"sceneLighting":false,"audioPlay":false,"sceneViewState":{"showFog":true,"showMaterialUpdate":false,"showSkybox":true,"showFlares":true,"showImageEffects":true,"showParticleSystems":true},"in2DMode":false,"pivot":{"x":378.0167541503906,"y":-187.61343383789063,"z":426.6341247558594},"rotation":{"x":0.3609825670719147,"y":-0.14050257205963136,"z":0.05511351302266121,"w":0.9202810525894165},"size":465.7960205078125,"orthographic":false}